<?xml version="1.0" encoding="UTF-8"?>
<!DOCTYPE mapper PUBLIC "-//mybatis.org//DTO Mapper 3.0//EN" "http://mybatis.org/dtd/mybatis-3-mapper.dtd">

<mapper namespace="com.junhada.mapper.JunhadaMapper">

	<select id="getProductImage" parameterType="Integer" resultType="ProImageDTO">
		SELECT name , pro_image1 , pro_image2 FROM product where id = ${id};
	</select>
	
	<select id="selectProOne" parameterType="hashmap" resultType="ProductDTO">
		SELECT * from product inner join price using(id) group by product.id having id = #{id};
	</select>
	
	<select id="selectProAll" parameterType="String" resultType="ProductDTO">
		SELECT * from product left outer join price using(id) group by product.id having category = #{view};
	</select>
	
	<select id="selectRepresentReview" parameterType="hashmap" resultType="ArticleDTO">
		SELECT * FROM article where product_id = ${id} order by good_rec desc limit 3;
	</select>
	
	<update id="addInquiry">
		UPDATE article SET inquiry = (inquiry + 1) WHERE id = ${id};
	</update>
	
	<select id="getUserProfileImage" parameterType="String" resultType="String">
		SELECT profileImg from user_info where nickName = #{nickName};
	</select>
	
	<select id="getArticleInfo" parameterType="Integer" resultType="ArticleDTO">
		SELECT * from Article where id = ${id};
	</select>
	
	<select id="getProArticleAll" parameterType="Integer" resultType="ArticleDTO">
		SELECT * from Article where product_id = ${id};
	</select>
	
	<select id="checkLogin" parameterType="hashmap" resultType="LoginDTO">
		SELECT nickName , id , passwd from user_info where id = ${id} and passwd = ${passwd};
	</select>
</mapper>


